index,lang_id
1,zul
2,nbl
3,zul
4,ssw
5,zul
6,nso
7,ssw
8,sot
9,zul
10,ssw
11,nso
12,tso
13,tsn
14,sot
15,tso
16,ssw
17,xho
18,ssw
19,afr
20,ven
21,ssw
22,ven
23,ssw
24,afr
25,nso
26,ssw
27,ssw
28,afr
29,nso
30,tso
31,zul
32,xho
33,sot
34,nso
35,ssw
36,afr
37,nso
38,xho
39,sot
40,eng
41,ssw
42,ssw
43,ven
44,nbl
45,afr
46,zul
47,zul
48,ven
49,nbl
50,tsn
51,sot
52,xho
53,sot
54,sot
55,ssw
56,ven
57,nbl
58,ssw
59,ssw
60,sot
61,afr
62,tso
63,afr
64,zul
65,xho
66,ssw
67,sot
68,zul
69,nso
70,zul
71,tsn
72,tso
73,ssw
74,nso
75,ssw
76,ssw
77,ssw
78,tso
79,ssw
80,ssw
81,zul
82,ssw
83,xho
84,tsn
85,nbl
86,nso
87,sot
88,tso
89,tso
90,ssw
91,ssw
92,xho
93,zul
94,sot
95,ssw
96,nso
97,afr
98,ssw
99,zul
100,nbl
101,ssw
102,tso
103,nso
104,xho
105,ven
106,ven
107,tsn
108,nso
109,sot
110,sot
111,ssw
112,nbl
113,xho
114,ssw
115,zul
116,sot
117,afr
118,zul
119,ssw
120,eng
121,sot
122,eng
123,nbl
124,tso
125,nso
126,afr
127,ven
128,tso
129,zul
130,zul
131,tso
132,ven
133,zul
134,sot
135,zul
136,ssw
137,xho
138,sot
139,ssw
140,afr
141,sot
142,ssw
143,nbl
144,nso
145,nbl
146,zul
147,nso
148,sot
149,xho
150,ssw
151,nso
152,xho
153,xho
154,nso
155,zul
156,zul
157,ssw
158,ssw
159,eng
160,sot
161,zul
162,tso
163,nso
164,xho
165,ssw
166,sot
167,xho
168,ssw
169,eng
170,nbl
171,nbl
172,zul
173,xho
174,afr
175,tso
176,nso
177,afr
178,xho
179,tso
180,xho
181,tsn
182,nso
183,ssw
184,ssw
185,sot
186,sot
187,zul
188,ssw
189,zul
190,nbl
191,zul
192,tso
193,sot
194,afr
195,zul
196,ssw
197,sot
198,nbl
199,xho
200,eng
201,nso
202,afr
203,nbl
204,ssw
205,nbl
206,afr
207,xho
208,ven
209,tsn
210,ssw
211,zul
212,tso
213,afr
214,nbl
215,ven
216,afr
217,ssw
218,zul
219,afr
220,eng
221,tso
222,ven
223,afr
224,eng
225,eng
226,ssw
227,ssw
228,eng
229,xho
230,nso
231,ssw
232,ven
233,ven
234,sot
235,xho
236,zul
237,sot
238,tso
239,sot
240,nso
241,ssw
242,zul
243,ssw
244,nbl
245,ssw
246,ssw
247,nso
248,nso
249,nbl
250,ssw
251,zul
252,sot
253,sot
254,afr
255,zul
256,zul
257,nso
258,tsn
259,zul
260,ssw
261,zul
262,ssw
263,nbl
264,sot
265,ssw
266,xho
267,ssw
268,ssw
269,nbl
270,afr
271,nso
272,afr
273,ssw
274,nso
275,ssw
276,sot
277,ven
278,ssw
279,sot
280,ssw
281,xho
282,nso
283,zul
284,nbl
285,eng
286,ssw
287,ssw
288,zul
289,zul
290,sot
291,nso
292,nso
293,tso
294,zul
295,zul
296,xho
297,ssw
298,ssw
299,zul
300,sot
301,zul
302,afr
303,ssw
304,ssw
305,ssw
306,eng
307,zul
308,sot
309,ven
310,xho
311,ssw
312,zul
313,tso
314,xho
315,afr
316,zul
317,afr
318,nso
319,ven
320,zul
321,ssw
322,xho
323,sot
324,nso
325,xho
326,ssw
327,xho
328,tsn
329,ven
330,afr
331,nbl
332,ssw
333,ssw
334,ssw
335,sot
336,afr
337,afr
338,zul
339,tso
340,sot
341,nso
342,ssw
343,ssw
344,ven
345,tso
346,zul
347,tso
348,tso
349,xho
350,afr
351,xho
352,afr
353,nso
354,nso
355,sot
356,ssw
357,ven
358,nso
359,ssw
360,xho
361,afr
362,tso
363,ssw
364,tso
365,tso
366,xho
367,zul
368,xho
369,zul
370,afr
371,ssw
372,afr
373,ven
374,ssw
375,ssw
376,tsn
377,nso
378,ssw
379,nso
380,nso
381,ssw
382,tsn
383,xho
384,ssw
385,afr
386,tsn
387,xho
388,sot
389,zul
390,sot
391,zul
392,afr
393,zul
394,nso
395,nbl
396,nso
397,xho
398,sot
399,afr
400,ssw
401,sot
402,ssw
403,nso
404,nso
405,eng
406,nso
407,eng
408,nbl
409,tso
410,ssw
411,xho
412,ssw
413,nso
414,nso
415,xho
416,nso
417,ssw
418,tso
419,tso
420,tso
421,ssw
422,ven
423,zul
424,xho
425,ven
426,afr
427,sot
428,nbl
429,ssw
430,ssw
431,nso
432,nbl
433,tsn
434,ssw
435,afr
436,ven
437,afr
438,tso
439,zul
440,zul
441,nso
442,xho
443,sot
444,xho
445,ssw
446,xho
447,tso
448,zul
449,ssw
450,nbl
451,ssw
452,nbl
453,ven
454,eng
455,ssw
456,ven
457,zul
458,ssw
459,sot
460,ssw
461,zul
462,ssw
463,ssw
464,sot
465,ven
466,xho
467,ssw
468,xho
469,nbl
470,nbl
471,ssw
472,xho
473,ssw
474,afr
475,nso
476,xho
477,xho
478,nso
479,sot
480,tso
481,zul
482,ssw
483,afr
484,ssw
485,zul
486,ssw
487,eng
488,ven
489,nso
490,nso
491,nso
492,nso
493,nbl
494,ven
495,nso
496,zul
497,ven
498,zul
499,zul
500,ven
501,nbl
502,ssw
503,nbl
504,tsn
505,nso
506,zul
507,nbl
508,sot
509,afr
510,afr
511,afr
512,nbl
513,eng
514,tsn
515,afr
516,tsn
517,eng
518,zul
519,tso
520,ven
521,ssw
522,xho
523,ven
524,ssw
525,afr
526,zul
527,nbl
528,xho
529,sot
530,zul
531,nso
532,ssw
533,tsn
534,tsn
535,ssw
536,tso
537,tsn
538,ssw
539,ven
540,ssw
541,xho
542,ssw
543,tso
544,xho
545,ssw
546,tso
547,xho
548,eng
549,nso
550,ssw
551,tsn
552,eng
553,zul
554,ssw
555,ven
556,ssw
557,nso
558,ssw
559,afr
560,nbl
561,zul
562,xho
563,afr
564,zul
565,nbl
566,xho
567,xho
568,tsn
569,ssw
570,afr
571,ssw
572,tsn
573,sot
574,ssw
575,tsn
576,tsn
577,nbl
578,nbl
579,afr
580,ssw
581,xho
582,sot
583,xho
584,ven
585,afr
586,ven
587,eng
588,eng
589,afr
590,ssw
591,xho
592,sot
593,ven
594,afr
595,nso
596,zul
597,ssw
598,ven
599,ven
600,afr
601,ssw
602,afr
603,nso
604,nso
605,tso
606,zul
607,nso
608,afr
609,ssw
610,zul
611,tsn
612,sot
613,ssw
614,xho
615,afr
616,ssw
617,tsn
618,ssw
619,nbl
620,tso
621,tso
622,ssw
623,xho
624,zul
625,nso
626,zul
627,xho
628,ssw
629,ven
630,zul
631,ssw
632,xho
633,ssw
634,sot
635,afr
636,xho
637,ssw
638,zul
639,sot
640,ssw
641,ven
642,tso
643,tsn
644,tso
645,zul
646,afr
647,xho
648,nbl
649,tso
650,sot
651,ssw
652,ssw
653,ssw
654,nso
655,ven
656,afr
657,sot
658,sot
659,sot
660,zul
661,xho
662,afr
663,tsn
664,tso
665,ven
666,zul
667,sot
668,xho
669,sot
670,xho
671,zul
672,afr
673,tso
674,ssw
675,xho
676,zul
677,afr
678,afr
679,ssw
680,nso
681,ssw
682,zul
683,ssw
684,ssw
685,sot
686,ssw
687,nbl
688,nbl
689,zul
690,nbl
691,eng
692,ssw
693,zul
694,afr
695,ssw
696,xho
697,tso
698,nso
699,ssw
700,ssw
701,sot
702,tso
703,tsn
704,zul
705,sot
706,tsn
707,xho
708,nso
709,zul
710,nso
711,sot
712,ssw
713,ssw
714,tso
715,ven
716,sot
717,tso
718,tso
719,ssw
720,eng
721,ven
722,ssw
723,xho
724,sot
725,ssw
726,ssw
727,nso
728,nbl
729,sot
730,ssw
731,xho
732,sot
733,sot
734,ssw
735,eng
736,afr
737,ssw
738,eng
739,afr
740,zul
741,ssw
742,sot
743,ssw
744,zul
745,eng
746,ssw
747,ssw
748,tso
749,zul
750,ssw
751,ssw
752,afr
753,xho
754,ssw
755,eng
756,nso
757,ssw
758,tso
759,tso
760,ssw
761,afr
762,ssw
763,nso
764,ven
765,xho
766,nso
767,nso
768,nso
769,sot
770,ssw
771,eng
772,tsn
773,ven
774,afr
775,eng
776,tso
777,tsn
778,ssw
779,zul
780,tsn
781,ssw
782,ssw
783,ssw
784,nso
785,sot
786,afr
787,xho
788,nso
789,nso
790,tso
791,zul
792,xho
793,ssw
794,tso
795,eng
796,xho
797,zul
798,xho
799,zul
800,ssw
801,ssw
802,afr
803,zul
804,ssw
805,xho
806,tso
807,tsn
808,afr
809,ssw
810,xho
811,eng
812,nso
813,xho
814,zul
815,ssw
816,nso
817,xho
818,tsn
819,afr
820,ssw
821,afr
822,ssw
823,nso
824,ssw
825,zul
826,sot
827,ven
828,nso
829,zul
830,ssw
831,zul
832,xho
833,ssw
834,ssw
835,eng
836,zul
837,zul
838,afr
839,tsn
840,nso
841,ssw
842,ven
843,ssw
844,tsn
845,ssw
846,ssw
847,zul
848,xho
849,sot
850,zul
851,sot
852,ssw
853,zul
854,ssw
855,zul
856,sot
857,afr
858,ssw
859,xho
860,afr
861,zul
862,tsn
863,ven
864,zul
865,xho
866,xho
867,ssw
868,afr
869,nso
870,ven
871,ssw
872,nbl
873,ven
874,zul
875,nso
876,sot
877,ssw
878,ssw
879,zul
880,ssw
881,ssw
882,afr
883,zul
884,nso
885,xho
886,nbl
887,ssw
888,nso
889,afr
890,zul
891,sot
892,zul
893,tso
894,tsn
895,afr
896,sot
897,ven
898,zul
899,eng
900,zul
901,ssw
902,xho
903,xho
904,ssw
905,sot
906,ssw
907,xho
908,xho
909,ssw
910,ven
911,nbl
912,zul
913,nbl
914,nso
915,nso
916,tsn
917,ven
918,ssw
919,nso
920,ven
921,sot
922,afr
923,ssw
924,afr
925,sot
926,ven
927,sot
928,nso
929,afr
930,xho
931,ssw
932,tso
933,zul
934,tsn
935,tso
936,xho
937,nbl
938,zul
939,nso
940,tso
941,nbl
942,tsn
943,tso
944,tsn
945,nso
946,afr
947,ven
948,nso
949,zul
950,ssw
951,ssw
952,ssw
953,sot
954,ssw
955,eng
956,sot
957,xho
958,ssw
959,ven
960,ssw
961,nso
962,tso
963,ssw
964,tso
965,afr
966,tsn
967,afr
968,tso
969,tsn
970,zul
971,ssw
972,ven
973,nso
974,zul
975,sot
976,zul
977,nso
978,ssw
979,tsn
980,ssw
981,tso
982,xho
983,afr
984,ssw
985,ssw
986,ssw
987,ven
988,ssw
989,afr
990,ven
991,nbl
992,xho
993,zul
994,ven
995,afr
996,ven
997,nso
998,afr
999,ssw
1000,ssw
1001,xho
1002,tso
1003,tsn
1004,sot
1005,afr
1006,xho
1007,sot
1008,ssw
1009,zul
1010,xho
1011,xho
1012,tsn
1013,zul
1014,xho
1015,zul
1016,tsn
1017,sot
1018,afr
1019,xho
1020,tso
1021,ssw
1022,zul
1023,afr
1024,tso
1025,nbl
1026,afr
1027,sot
1028,afr
1029,ssw
1030,xho
1031,ssw
1032,sot
1033,nbl
1034,tso
1035,zul
1036,ssw
1037,tso
1038,nso
1039,nso
1040,afr
1041,tso
1042,afr
1043,ssw
1044,nso
1045,tso
1046,afr
1047,xho
1048,ssw
1049,sot
1050,ssw
1051,zul
1052,nso
1053,nso
1054,ssw
1055,nso
1056,eng
1057,sot
1058,sot
1059,ssw
1060,ssw
1061,eng
1062,xho
1063,xho
1064,ssw
1065,zul
1066,ssw
1067,tso
1068,ssw
1069,ssw
1070,tsn
1071,zul
1072,sot
1073,tso
1074,eng
1075,tsn
1076,sot
1077,zul
1078,zul
1079,ssw
1080,sot
1081,nbl
1082,ven
1083,xho
1084,tsn
1085,ssw
1086,sot
1087,ssw
1088,zul
1089,nso
1090,zul
1091,tso
1092,zul
1093,ven
1094,tso
1095,xho
1096,xho
1097,zul
1098,ssw
1099,zul
1100,sot
1101,ssw
1102,zul
1103,ssw
1104,sot
1105,nso
1106,xho
1107,nso
1108,nso
1109,ven
1110,ssw
1111,xho
1112,nbl
1113,tso
1114,tso
1115,afr
1116,afr
1117,afr
1118,tso
1119,zul
1120,ven
1121,nso
1122,zul
1123,nso
1124,ssw
1125,tsn
1126,tso
1127,ssw
1128,tso
1129,afr
1130,tso
1131,sot
1132,afr
1133,nbl
1134,zul
1135,ssw
1136,xho
1137,ssw
1138,zul
1139,ven
1140,eng
1141,tso
1142,afr
1143,zul
1144,tso
1145,tso
1146,zul
1147,ven
1148,tsn
1149,nso
1150,ssw
1151,ven
1152,ssw
1153,nso
1154,ssw
1155,tsn
1156,ssw
1157,sot
1158,nso
1159,ssw
1160,zul
1161,sot
1162,ssw
1163,ssw
1164,tso
1165,eng
1166,ssw
1167,xho
1168,ssw
1169,zul
1170,xho
1171,ssw
1172,ssw
1173,eng
1174,nbl
1175,eng
1176,ssw
1177,nso
1178,ssw
1179,eng
1180,xho
1181,ssw
1182,nso
1183,nso
1184,nso
1185,zul
1186,afr
1187,ven
1188,zul
1189,nso
1190,nso
1191,nso
1192,ven
1193,eng
1194,nbl
1195,nso
1196,ssw
1197,zul
1198,sot
1199,nbl
1200,zul
1201,tso
1202,tso
1203,nso
1204,xho
1205,nbl
1206,afr
1207,zul
1208,tsn
1209,nso
1210,ssw
1211,tsn
1212,nso
1213,xho
1214,zul
1215,eng
1216,ssw
1217,afr
1218,ssw
1219,ssw
1220,afr
1221,tso
1222,nso
1223,afr
1224,zul
1225,ssw
1226,zul
1227,zul
1228,nbl
1229,eng
1230,nbl
1231,ssw
1232,ssw
1233,ven
1234,tsn
1235,sot
1236,ven
1237,nbl
1238,ssw
1239,zul
1240,sot
1241,afr
1242,ssw
1243,zul
1244,ssw
1245,ssw
1246,sot
1247,eng
1248,sot
1249,ssw
1250,nso
1251,ssw
1252,zul
1253,ssw
1254,tso
1255,nso
1256,ven
1257,nso
1258,sot
1259,xho
1260,ssw
1261,afr
1262,tsn
1263,ssw
1264,zul
1265,afr
1266,nbl
1267,tso
1268,nso
1269,nbl
1270,ssw
1271,ssw
1272,ssw
1273,ven
1274,ssw
1275,ssw
1276,ssw
1277,xho
1278,xho
1279,eng
1280,tso
1281,xho
1282,eng
1283,nbl
1284,zul
1285,ssw
1286,zul
1287,nso
1288,zul
1289,sot
1290,nbl
1291,afr
1292,afr
1293,xho
1294,zul
1295,afr
1296,zul
1297,xho
1298,sot
1299,ssw
1300,nso
1301,zul
1302,ssw
1303,ssw
1304,ven
1305,sot
1306,tsn
1307,afr
1308,ssw
1309,afr
1310,sot
1311,nso
1312,ssw
1313,nso
1314,zul
1315,tso
1316,nbl
1317,ssw
1318,nbl
1319,nso
1320,sot
1321,afr
1322,nso
1323,ssw
1324,ven
1325,sot
1326,afr
1327,ssw
1328,tso
1329,sot
1330,tsn
1331,ssw
1332,ssw
1333,tso
1334,ssw
1335,ssw
1336,ssw
1337,zul
1338,sot
1339,afr
1340,nso
1341,zul
1342,sot
1343,nso
1344,nso
1345,ssw
1346,nbl
1347,ssw
1348,ssw
1349,nso
1350,ssw
1351,tso
1352,xho
1353,sot
1354,zul
1355,zul
1356,xho
1357,nbl
1358,sot
1359,zul
1360,xho
1361,xho
1362,xho
1363,tsn
1364,afr
1365,sot
1366,ven
1367,nso
1368,tso
1369,tso
1370,zul
1371,eng
1372,ven
1373,xho
1374,xho
1375,ssw
1376,zul
1377,zul
1378,zul
1379,sot
1380,nbl
1381,ssw
1382,zul
1383,ven
1384,zul
1385,ssw
1386,xho
1387,ven
1388,ven
1389,zul
1390,afr
1391,ssw
1392,afr
1393,ven
1394,tso
1395,nso
1396,ssw
1397,ssw
1398,zul
1399,tsn
1400,nso
1401,ssw
1402,nso
1403,ssw
1404,afr
1405,zul
1406,nso
1407,sot
1408,ssw
1409,tso
1410,afr
1411,zul
1412,nso
1413,tso
1414,sot
1415,afr
1416,tso
1417,nso
1418,nso
1419,zul
1420,nso
1421,ssw
1422,tsn
1423,afr
1424,ssw
1425,ven
1426,xho
1427,tsn
1428,ven
1429,nso
1430,xho
1431,afr
1432,ven
1433,tso
1434,zul
1435,tso
1436,zul
1437,nbl
1438,nso
1439,ven
1440,nso
1441,ssw
1442,zul
1443,ssw
1444,nso
1445,ssw
1446,afr
1447,ssw
1448,sot
1449,xho
1450,ssw
1451,ven
1452,zul
1453,zul
1454,ven
1455,nso
1456,ssw
1457,ssw
1458,ven
1459,afr
1460,ssw
1461,xho
1462,ssw
1463,zul
1464,ssw
1465,eng
1466,ssw
1467,afr
1468,tsn
1469,ssw
1470,xho
1471,ssw
1472,afr
1473,xho
1474,tso
1475,nbl
1476,sot
1477,nso
1478,ven
1479,nbl
1480,xho
1481,afr
1482,afr
1483,ssw
1484,ssw
1485,sot
1486,sot
1487,tso
1488,zul
1489,afr
1490,ssw
1491,ssw
1492,ssw
1493,tsn
1494,ssw
1495,ven
1496,xho
1497,sot
1498,afr
1499,zul
1500,ven
1501,ssw
1502,ssw
1503,ssw
1504,ssw
1505,nso
1506,ven
1507,ssw
1508,ssw
1509,sot
1510,tsn
1511,ven
1512,zul
1513,zul
1514,ssw
1515,eng
1516,ssw
1517,xho
1518,tsn
1519,ven
1520,sot
1521,tso
1522,sot
1523,ssw
1524,eng
1525,tso
1526,sot
1527,zul
1528,zul
1529,eng
1530,afr
1531,ssw
1532,ssw
1533,ssw
1534,tsn
1535,ven
1536,tsn
1537,nso
1538,afr
1539,tso
1540,ssw
1541,ven
1542,nbl
1543,ssw
1544,zul
1545,ssw
1546,xho
1547,afr
1548,ssw
1549,zul
1550,ven
1551,sot
1552,eng
1553,ven
1554,sot
1555,ven
1556,xho
1557,xho
1558,zul
1559,ssw
1560,xho
1561,ssw
1562,tsn
1563,ssw
1564,tsn
1565,ven
1566,ssw
1567,zul
1568,ssw
1569,nso
1570,xho
1571,zul
1572,xho
1573,ssw
1574,ssw
1575,ven
1576,ssw
1577,xho
1578,ssw
1579,ssw
1580,ssw
1581,eng
1582,nso
1583,zul
1584,ssw
1585,zul
1586,ssw
1587,zul
1588,ven
1589,ssw
1590,sot
1591,eng
1592,nso
1593,nso
1594,xho
1595,ssw
1596,zul
1597,nbl
1598,zul
1599,zul
1600,ssw
1601,ssw
1602,ssw
1603,xho
1604,ssw
1605,tsn
1606,ssw
1607,ssw
1608,zul
1609,tsn
1610,nbl
1611,ssw
1612,zul
1613,ssw
1614,zul
1615,nso
1616,sot
1617,tso
1618,zul
1619,ssw
1620,nbl
1621,nso
1622,nbl
1623,eng
1624,ssw
1625,zul
1626,tso
1627,zul
1628,ssw
1629,afr
1630,xho
1631,eng
1632,ssw
1633,ssw
1634,xho
1635,sot
1636,zul
1637,zul
1638,zul
1639,sot
1640,afr
1641,nbl
1642,tso
1643,eng
1644,afr
1645,ven
1646,tso
1647,ssw
1648,ssw
1649,ssw
1650,ssw
1651,tso
1652,nso
1653,xho
1654,nso
1655,zul
1656,ssw
1657,tso
1658,afr
1659,ssw
1660,ssw
1661,tso
1662,afr
1663,ssw
1664,sot
1665,zul
1666,tsn
1667,afr
1668,nbl
1669,nso
1670,sot
1671,afr
1672,xho
1673,ven
1674,zul
1675,afr
1676,ssw
1677,afr
1678,nso
1679,ssw
1680,zul
1681,tso
1682,sot
1683,afr
1684,ven
1685,sot
1686,sot
1687,ven
1688,nso
1689,afr
1690,ssw
1691,afr
1692,zul
1693,ssw
1694,sot
1695,sot
1696,afr
1697,nbl
1698,nbl
1699,tso
1700,tsn
1701,xho
1702,ven
1703,xho
1704,tsn
1705,nso
1706,zul
1707,sot
1708,zul
1709,ssw
1710,afr
1711,ssw
1712,ssw
1713,tsn
1714,ssw
1715,ven
1716,ssw
1717,tsn
1718,nbl
1719,zul
1720,zul
1721,xho
1722,ssw
1723,tsn
1724,zul
1725,sot
1726,ssw
1727,nso
1728,ssw
1729,zul
1730,nbl
1731,ven
1732,afr
1733,eng
1734,ssw
1735,ssw
1736,ssw
1737,zul
1738,ssw
1739,ven
1740,ssw
1741,ssw
1742,xho
1743,ssw
1744,zul
1745,sot
1746,ssw
1747,sot
1748,ssw
1749,ssw
1750,nso
1751,ssw
1752,xho
1753,tso
1754,afr
1755,ven
1756,ven
1757,ven
1758,tso
1759,afr
1760,nso
1761,tsn
1762,ssw
1763,xho
1764,nso
1765,ssw
1766,ssw
1767,afr
1768,nbl
1769,ssw
1770,zul
1771,ssw
1772,sot
1773,ven
1774,nbl
1775,zul
1776,tso
1777,ven
1778,tso
1779,sot
1780,ssw
1781,tso
1782,ven
1783,nso
1784,nso
1785,tso
1786,ssw
1787,ssw
1788,xho
1789,ssw
1790,ssw
1791,ssw
1792,tsn
1793,nso
1794,ssw
1795,ssw
1796,zul
1797,ssw
1798,xho
1799,zul
1800,eng
1801,ssw
1802,tso
1803,nso
1804,sot
1805,sot
1806,nbl
1807,ven
1808,tsn
1809,nbl
1810,ssw
1811,ssw
1812,ssw
1813,ssw
1814,ven
1815,sot
1816,tso
1817,xho
1818,nso
1819,ssw
1820,xho
1821,afr
1822,nbl
1823,afr
1824,tsn
1825,afr
1826,ssw
1827,zul
1828,ssw
1829,ssw
1830,ssw
1831,tso
1832,tso
1833,sot
1834,tsn
1835,zul
1836,ssw
1837,zul
1838,ssw
1839,ssw
1840,tso
1841,xho
1842,nso
1843,nbl
1844,ssw
1845,ssw
1846,ssw
1847,ssw
1848,ssw
1849,tsn
1850,ssw
1851,nso
1852,nso
1853,afr
1854,ssw
1855,sot
1856,afr
1857,ssw
1858,ssw
1859,nso
1860,sot
1861,nbl
1862,nbl
1863,ssw
1864,ssw
1865,eng
1866,ven
1867,ssw
1868,xho
1869,ssw
1870,ssw
1871,ssw
1872,zul
1873,nbl
1874,ven
1875,tso
1876,tsn
1877,zul
1878,ssw
1879,xho
1880,zul
1881,ssw
1882,ven
1883,nso
1884,ven
1885,ssw
1886,ssw
1887,sot
1888,nso
1889,sot
1890,ven
1891,ssw
1892,eng
1893,ssw
1894,ssw
1895,afr
1896,ssw
1897,sot
1898,ssw
1899,nso
1900,sot
1901,ssw
1902,ven
1903,tsn
1904,tsn
1905,zul
1906,tsn
1907,zul
1908,zul
1909,ssw
1910,nso
1911,nso
1912,ssw
1913,afr
1914,afr
1915,afr
1916,ssw
1917,ssw
1918,nbl
1919,tso
1920,ssw
1921,ssw
1922,ssw
1923,sot
1924,zul
1925,xho
1926,sot
1927,ven
1928,afr
1929,ven
1930,sot
1931,tsn
1932,sot
1933,ven
1934,xho
1935,ssw
1936,ssw
1937,xho
1938,nso
1939,afr
1940,afr
1941,xho
1942,tsn
1943,zul
1944,ssw
1945,ssw
1946,ssw
1947,nso
1948,zul
1949,xho
1950,nso
1951,afr
1952,nso
1953,nso
1954,zul
1955,nbl
1956,ssw
1957,zul
1958,ssw
1959,zul
1960,nbl
1961,ssw
1962,afr
1963,tso
1964,ssw
1965,ssw
1966,ssw
1967,ssw
1968,nso
1969,zul
1970,afr
1971,xho
1972,sot
1973,ssw
1974,zul
1975,ssw
1976,nso
1977,xho
1978,afr
1979,nso
1980,sot
1981,nso
1982,zul
1983,nso
1984,ssw
1985,ssw
1986,tso
1987,nso
1988,xho
1989,sot
1990,zul
1991,ssw
1992,tso
1993,tso
1994,nso
1995,ven
1996,ven
1997,zul
1998,eng
1999,xho
2000,xho
2001,ven
2002,ven
2003,nso
2004,xho
2005,ssw
2006,nbl
2007,tso
2008,ssw
2009,sot
2010,ssw
2011,ssw
2012,zul
2013,ven
2014,ssw
2015,zul
2016,nso
2017,xho
2018,afr
2019,ssw
2020,zul
2021,sot
2022,zul
2023,tso
2024,nbl
2025,ssw
2026,xho
2027,nso
2028,nso
2029,xho
2030,tso
2031,zul
2032,xho
2033,zul
2034,zul
2035,ssw
2036,tso
2037,sot
2038,tso
2039,xho
2040,sot
2041,afr
2042,nso
2043,nso
2044,ssw
2045,nso
2046,nso
2047,ssw
2048,nso
2049,zul
2050,afr
2051,ssw
2052,eng
2053,tsn
2054,tsn
2055,nso
2056,afr
2057,eng
2058,nso
2059,tso
2060,afr
2061,tso
2062,xho
2063,zul
2064,zul
2065,eng
2066,ssw
2067,ssw
2068,ssw
2069,xho
2070,xho
2071,ssw
2072,ssw
2073,sot
2074,nso
2075,ven
2076,eng
2077,afr
2078,ssw
2079,zul
2080,ssw
2081,afr
2082,sot
2083,afr
2084,eng
2085,xho
2086,nbl
2087,sot
2088,tsn
2089,sot
2090,ssw
2091,ssw
2092,sot
2093,ven
2094,nbl
2095,xho
2096,tsn
2097,xho
2098,ven
2099,tso
2100,sot
2101,nso
2102,xho
2103,eng
2104,tso
2105,ssw
2106,ssw
2107,ssw
2108,zul
2109,tso
2110,xho
2111,zul
2112,afr
2113,afr
2114,zul
2115,nso
2116,nbl
2117,nso
2118,ssw
2119,ssw
2120,xho
2121,sot
2122,tso
2123,ven
2124,ssw
2125,sot
2126,afr
2127,afr
2128,tso
2129,ssw
2130,tso
2131,zul
2132,nso
2133,nso
2134,ssw
2135,sot
2136,zul
2137,zul
2138,eng
2139,sot
2140,nbl
2141,nso
2142,ssw
2143,ssw
2144,tso
2145,ven
2146,zul
2147,sot
2148,ssw
2149,ssw
2150,ssw
2151,xho
2152,tso
2153,ven
2154,nso
2155,zul
2156,ssw
2157,xho
2158,sot
2159,nso
2160,zul
2161,afr
2162,nso
2163,xho
2164,xho
2165,xho
2166,zul
2167,xho
2168,tso
2169,ssw
2170,nso
2171,ssw
2172,tso
2173,tsn
2174,nso
2175,ven
2176,afr
2177,ven
2178,ven
2179,nso
2180,zul
2181,xho
2182,tso
2183,tso
2184,xho
2185,sot
2186,nso
2187,tsn
2188,ssw
2189,nbl
2190,ssw
2191,ssw
2192,afr
2193,zul
2194,tso
2195,ven
2196,tsn
2197,tso
2198,tso
2199,afr
2200,xho
2201,ssw
2202,nbl
2203,zul
2204,sot
2205,tsn
2206,nso
2207,zul
2208,ssw
2209,ssw
2210,ssw
2211,afr
2212,ssw
2213,ven
2214,tsn
2215,nso
2216,zul
2217,tso
2218,afr
2219,zul
2220,xho
2221,nso
2222,xho
2223,nso
2224,nbl
2225,ssw
2226,sot
2227,ssw
2228,zul
2229,nbl
2230,afr
2231,tsn
2232,ssw
2233,eng
2234,ssw
2235,zul
2236,afr
2237,xho
2238,zul
2239,ssw
2240,ssw
2241,zul
2242,ven
2243,afr
2244,zul
2245,xho
2246,ssw
2247,ssw
2248,xho
2249,ssw
2250,xho
2251,tsn
2252,ssw
2253,nso
2254,eng
2255,tsn
2256,nbl
2257,sot
2258,sot
2259,zul
2260,ssw
2261,ven
2262,ven
2263,nso
2264,nso
2265,afr
2266,tso
2267,sot
2268,zul
2269,ven
2270,sot
2271,sot
2272,sot
2273,nso
2274,zul
2275,nso
2276,tsn
2277,sot
2278,afr
2279,ssw
2280,xho
2281,ven
2282,tso
2283,eng
2284,nbl
2285,ssw
2286,zul
2287,nso
2288,eng
2289,nso
2290,tso
2291,tso
2292,afr
2293,xho
2294,nso
2295,ssw
2296,xho
2297,xho
2298,sot
2299,sot
2300,ven
2301,sot
2302,afr
2303,ssw
2304,tsn
2305,afr
2306,ssw
2307,ssw
2308,nbl
2309,xho
2310,zul
2311,zul
2312,sot
2313,ven
2314,nso
2315,nso
2316,afr
2317,xho
2318,xho
2319,sot
2320,zul
2321,sot
2322,sot
2323,xho
2324,tso
2325,ven
2326,ssw
2327,nso
2328,ssw
2329,ssw
2330,zul
2331,nso
2332,zul
2333,ssw
2334,nso
2335,ssw
2336,ven
2337,ssw
2338,tsn
2339,nso
2340,tsn
2341,ssw
2342,zul
2343,ssw
2344,xho
2345,nso
2346,sot
2347,ven
2348,ssw
2349,ssw
2350,xho
2351,nbl
2352,sot
2353,afr
2354,zul
2355,ssw
2356,nso
2357,ssw
2358,ven
2359,zul
2360,sot
2361,xho
2362,nbl
2363,ssw
2364,xho
2365,ssw
2366,zul
2367,nso
2368,sot
2369,zul
2370,zul
2371,ssw
2372,afr
2373,xho
2374,xho
2375,ssw
2376,nbl
2377,afr
2378,tso
2379,afr
2380,tso
2381,ven
2382,zul
2383,ssw
2384,afr
2385,nso
2386,nso
2387,zul
2388,ssw
2389,ssw
2390,ssw
2391,nbl
2392,xho
2393,xho
2394,ssw
2395,ssw
2396,sot
2397,ssw
2398,afr
2399,ven
2400,sot
2401,ssw
2402,zul
2403,ven
2404,afr
2405,afr
2406,ssw
2407,zul
2408,afr
2409,ssw
2410,ssw
2411,afr
2412,afr
2413,sot
2414,nso
2415,nso
2416,ssw
2417,ven
2418,ssw
2419,zul
2420,sot
2421,ven
2422,xho
2423,tso
2424,nso
2425,afr
2426,zul
2427,afr
2428,sot
2429,tsn
2430,nso
2431,tso
2432,xho
2433,ssw
2434,ssw
2435,nso
2436,xho
2437,xho
2438,ssw
2439,ssw
2440,xho
2441,xho
2442,zul
2443,xho
2444,nso
2445,nbl
2446,nbl
2447,zul
2448,zul
2449,ssw
2450,afr
2451,zul
2452,afr
2453,nbl
2454,eng
2455,ven
2456,sot
2457,ssw
2458,nbl
2459,sot
2460,ssw
2461,afr
2462,nso
2463,nso
2464,xho
2465,ssw
2466,nbl
2467,ssw
2468,ssw
2469,tso
2470,ssw
2471,afr
2472,ssw
2473,ven
2474,ssw
2475,nbl
2476,xho
2477,ssw
2478,ssw
2479,ven
2480,ssw
2481,ssw
2482,nbl
2483,sot
2484,tso
2485,nbl
2486,ven
2487,xho
2488,xho
2489,nbl
2490,ven
2491,ssw
2492,afr
2493,sot
2494,zul
2495,nso
2496,zul
2497,ssw
2498,ssw
2499,ven
2500,xho
2501,ssw
2502,ssw
2503,afr
2504,ssw
2505,nbl
2506,sot
2507,ssw
2508,afr
2509,xho
2510,afr
2511,eng
2512,tso
2513,nso
2514,ssw
2515,ssw
2516,ssw
2517,zul
2518,nso
2519,ssw
2520,tsn
2521,sot
2522,afr
2523,ssw
2524,sot
2525,zul
2526,sot
2527,zul
2528,tso
2529,zul
2530,xho
2531,eng
2532,afr
2533,ssw
2534,zul
2535,zul
2536,tso
2537,nso
2538,afr
2539,tso
2540,xho
2541,afr
2542,tsn
2543,ssw
2544,ssw
2545,ssw
2546,sot
2547,tso
2548,ven
2549,afr
2550,xho
2551,nso
2552,zul
2553,sot
2554,tso
2555,ssw
2556,sot
2557,ssw
2558,zul
2559,ven
2560,ven
2561,tso
2562,nbl
2563,sot
2564,afr
2565,xho
2566,nso
2567,afr
2568,tsn
2569,nso
2570,zul
2571,zul
2572,ven
2573,ven
2574,ssw
2575,zul
2576,zul
2577,xho
2578,eng
2579,sot
2580,nso
2581,ven
2582,nso
2583,zul
2584,ssw
2585,tso
2586,nso
2587,sot
2588,nbl
2589,tso
2590,nbl
2591,ven
2592,tsn
2593,ssw
2594,zul
2595,tso
2596,xho
2597,afr
2598,ven
2599,zul
2600,ssw
2601,nso
2602,eng
2603,ven
2604,afr
2605,afr
2606,eng
2607,ssw
2608,ssw
2609,tso
2610,zul
2611,tsn
2612,eng
2613,afr
2614,ssw
2615,nso
2616,ssw
2617,xho
2618,afr
2619,xho
2620,ven
2621,ssw
2622,afr
2623,ssw
2624,tso
2625,nso
2626,tso
2627,ssw
2628,eng
2629,afr
2630,tsn
2631,xho
2632,ssw
2633,ssw
2634,sot
2635,ssw
2636,nbl
2637,ssw
2638,ssw
2639,sot
2640,eng
2641,afr
2642,afr
2643,zul
2644,afr
2645,nso
2646,sot
2647,sot
2648,nso
2649,ssw
2650,ssw
2651,eng
2652,eng
2653,eng
2654,zul
2655,xho
2656,zul
2657,ssw
2658,ssw
2659,eng
2660,ssw
2661,zul
2662,ven
2663,ssw
2664,ven
2665,xho
2666,nso
2667,sot
2668,xho
2669,zul
2670,nso
2671,zul
2672,zul
2673,nbl
2674,nso
2675,ven
2676,ssw
2677,tso
2678,ssw
2679,zul
2680,eng
2681,afr
2682,xho
2683,sot
2684,ssw
2685,ven
2686,ssw
2687,ssw
2688,sot
2689,zul
2690,nso
2691,tso
2692,ssw
2693,xho
2694,ssw
2695,ven
2696,afr
2697,xho
2698,ven
2699,sot
2700,ven
2701,zul
2702,afr
2703,ssw
2704,zul
2705,tso
2706,nso
2707,sot
2708,ssw
2709,xho
2710,ssw
2711,nbl
2712,xho
2713,zul
2714,nso
2715,ssw
2716,ssw
2717,zul
2718,sot
2719,xho
2720,afr
2721,sot
2722,tso
2723,ssw
2724,ssw
2725,ssw
2726,afr
2727,ssw
2728,tso
2729,ssw
2730,xho
2731,nso
2732,sot
2733,ssw
2734,ven
2735,afr
2736,tsn
2737,sot
2738,zul
2739,sot
2740,ssw
2741,ssw
2742,afr
2743,nso
2744,ssw
2745,ssw
2746,xho
2747,afr
2748,zul
2749,zul
2750,nso
2751,afr
2752,nso
2753,xho
2754,ven
2755,ven
2756,nso
2757,ven
2758,nso
2759,ssw
2760,tsn
2761,afr
2762,tsn
2763,zul
2764,afr
2765,ssw
2766,nso
2767,sot
2768,sot
2769,sot
2770,tso
2771,eng
2772,xho
2773,ssw
2774,nbl
2775,afr
2776,tso
2777,xho
2778,afr
2779,afr
2780,nso
2781,ssw
2782,afr
2783,ssw
2784,zul
2785,afr
2786,zul
2787,eng
2788,nbl
2789,zul
2790,ven
2791,nso
2792,zul
2793,zul
2794,ven
2795,tso
2796,nso
2797,sot
2798,nso
2799,ven
2800,nso
2801,ssw
2802,ssw
2803,afr
2804,xho
2805,ssw
2806,ssw
2807,zul
2808,ssw
2809,afr
2810,sot
2811,sot
2812,eng
2813,tsn
2814,afr
2815,ssw
2816,tsn
2817,eng
2818,ssw
2819,tsn
2820,zul
2821,afr
2822,tsn
2823,ssw
2824,tso
2825,nso
2826,sot
2827,nso
2828,ssw
2829,tso
2830,sot
2831,xho
2832,nso
2833,xho
2834,nso
2835,zul
2836,afr
2837,eng
2838,tso
2839,nso
2840,zul
2841,nso
2842,ssw
2843,ssw
2844,ssw
2845,ssw
2846,afr
2847,nbl
2848,afr
2849,ssw
2850,ssw
2851,ssw
2852,zul
2853,ssw
2854,zul
2855,eng
2856,ssw
2857,tso
2858,nbl
2859,tsn
2860,xho
2861,ssw
2862,sot
2863,xho
2864,ssw
2865,xho
2866,nbl
2867,ssw
2868,ssw
2869,ssw
2870,zul
2871,afr
2872,ven
2873,tsn
2874,ssw
2875,zul
2876,ven
2877,zul
2878,nso
2879,xho
2880,ssw
2881,ven
2882,ssw
2883,tso
2884,ssw
2885,sot
2886,xho
2887,nso
2888,xho
2889,xho
2890,tso
2891,nso
2892,nso
2893,ssw
2894,ssw
2895,tso
2896,ssw
2897,nbl
2898,ssw
2899,ssw
2900,zul
2901,nso
2902,sot
2903,tso
2904,ssw
2905,sot
2906,nso
2907,ssw
2908,xho
2909,afr
2910,tsn
2911,nso
2912,nso
2913,afr
2914,ssw
2915,ven
2916,ssw
2917,ssw
2918,ssw
2919,afr
2920,zul
2921,sot
2922,sot
2923,ssw
2924,sot
2925,xho
2926,afr
2927,xho
2928,ssw
2929,ssw
2930,nso
2931,xho
2932,afr
2933,ssw
2934,nbl
2935,ssw
2936,nso
2937,sot
2938,tso
2939,nso
2940,ssw
2941,nso
2942,xho
2943,ssw
2944,ven
2945,sot
2946,sot
2947,afr
2948,nbl
2949,tso
2950,tso
2951,ssw
2952,sot
2953,ssw
2954,ssw
2955,eng
2956,tsn
2957,nbl
2958,nbl
2959,ssw
2960,tsn
2961,eng
2962,ssw
2963,ssw
2964,zul
2965,xho
2966,ven
2967,nso
2968,xho
2969,afr
2970,tso
2971,afr
2972,nbl
2973,xho
2974,tso
2975,nso
2976,ssw
2977,zul
2978,tsn
2979,xho
2980,nso
2981,nso
2982,sot
2983,ssw
2984,tso
2985,ssw
2986,ssw
2987,zul
2988,tso
2989,xho
2990,ven
2991,ssw
2992,ssw
2993,ssw
2994,zul
2995,nso
2996,sot
2997,ssw
2998,zul
2999,zul
3000,ssw
3001,tso
3002,ssw
3003,ssw
3004,afr
3005,afr
3006,afr
3007,zul
3008,xho
3009,sot
3010,sot
3011,ven
3012,xho
3013,sot
3014,afr
3015,afr
3016,ssw
3017,zul
3018,zul
3019,ssw
3020,sot
3021,eng
3022,sot
3023,ssw
3024,nso
3025,ssw
3026,afr
3027,tsn
3028,ssw
3029,ven
3030,tso
3031,xho
3032,ssw
3033,ssw
3034,afr
3035,zul
3036,sot
3037,ssw
3038,zul
3039,xho
3040,eng
3041,xho
3042,nso
3043,ssw
3044,ven
3045,nbl
3046,zul
3047,ssw
3048,nbl
3049,ssw
3050,nso
3051,tsn
3052,ssw
3053,ssw
3054,ven
3055,nso
3056,zul
3057,nso
3058,ssw
3059,ssw
3060,afr
3061,ssw
3062,tso
3063,ssw
3064,ssw
3065,xho
3066,nso
3067,ssw
3068,nso
3069,tsn
3070,nso
3071,ssw
3072,afr
3073,ssw
3074,zul
3075,nbl
3076,zul
3077,ven
3078,ssw
3079,zul
3080,eng
3081,ven
3082,afr
3083,eng
3084,tso
3085,nso
3086,zul
3087,zul
3088,ven
3089,xho
3090,eng
3091,nbl
3092,nso
3093,sot
3094,ssw
3095,nso
3096,ven
3097,ssw
3098,xho
3099,xho
3100,ssw
3101,nso
3102,ssw
3103,eng
3104,sot
3105,nso
3106,tso
3107,nso
3108,ssw
3109,xho
3110,nso
3111,ssw
3112,ssw
3113,ssw
3114,eng
3115,sot
3116,xho
3117,afr
3118,tso
3119,sot
3120,zul
3121,ven
3122,nso
3123,xho
3124,sot
3125,ssw
3126,ssw
3127,sot
3128,zul
3129,zul
3130,zul
3131,afr
3132,zul
3133,zul
3134,eng
3135,xho
3136,nso
3137,sot
3138,zul
3139,ssw
3140,afr
3141,zul
3142,ssw
3143,afr
3144,xho
3145,zul
3146,ssw
3147,tso
3148,zul
3149,ven
3150,ssw
3151,nso
3152,ssw
3153,zul
3154,xho
3155,ven
3156,xho
3157,afr
3158,xho
3159,ven
3160,tso
3161,eng
3162,xho
3163,tso
3164,zul
3165,zul
3166,ven
3167,ssw
3168,afr
3169,tso
3170,tso
3171,zul
3172,afr
3173,sot
3174,sot
3175,sot
3176,afr
3177,ven
3178,ven
3179,ssw
3180,tso
3181,ssw
3182,ssw
3183,ssw
3184,xho
3185,ssw
3186,ven
3187,eng
3188,ssw
3189,ssw
3190,zul
3191,ssw
3192,tso
3193,ssw
3194,nso
3195,xho
3196,ssw
3197,xho
3198,sot
3199,xho
3200,zul
3201,xho
3202,sot
3203,eng
3204,afr
3205,nso
3206,afr
3207,afr
3208,tso
3209,zul
3210,nso
3211,ssw
3212,xho
3213,ssw
3214,ssw
3215,xho
3216,ssw
3217,nso
3218,xho
3219,zul
3220,ssw
3221,xho
3222,tso
3223,ven
3224,ssw
3225,tso
3226,zul
3227,ssw
3228,nso
3229,ven
3230,nso
3231,afr
3232,zul
3233,nbl
3234,nbl
3235,ssw
3236,sot
3237,xho
3238,ssw
3239,xho
3240,ssw
3241,ssw
3242,ven
3243,tso
3244,ssw
3245,zul
3246,sot
3247,ssw
3248,tso
3249,ven
3250,nbl
3251,sot
3252,tsn
3253,nso
3254,tsn
3255,xho
3256,ven
3257,ssw
3258,ssw
3259,tsn
3260,sot
3261,ssw
3262,tsn
3263,tso
3264,tso
3265,ssw
3266,nbl
3267,ssw
3268,ven
3269,xho
3270,tso
3271,nbl
3272,zul
3273,ssw
3274,afr
3275,zul
3276,nso
3277,ssw
3278,xho
3279,ssw
3280,tsn
3281,ssw
3282,nso
3283,tsn
3284,ssw
3285,zul
3286,ssw
3287,nbl
3288,ssw
3289,xho
3290,tsn
3291,zul
3292,zul
3293,nso
3294,zul
3295,afr
3296,xho
3297,xho
3298,nbl
3299,tsn
3300,sot
3301,afr
3302,nso
3303,zul
3304,afr
3305,tso
3306,eng
3307,zul
3308,ssw
3309,ven
3310,ssw
3311,nso
3312,nso
3313,sot
3314,ssw
3315,nbl
3316,sot
3317,ssw
3318,ssw
3319,afr
3320,ssw
3321,nbl
3322,eng
3323,sot
3324,ven
3325,afr
3326,sot
3327,nso
3328,nso
3329,xho
3330,afr
3331,ssw
3332,tsn
3333,zul
3334,ssw
3335,nbl
3336,zul
3337,ven
3338,xho
3339,ven
3340,nso
3341,ssw
3342,tso
3343,tsn
3344,tso
3345,ssw
3346,ven
3347,tso
3348,tso
3349,nso
3350,tso
3351,ven
3352,zul
3353,ssw
3354,tso
3355,zul
3356,sot
3357,afr
3358,tso
3359,nso
3360,zul
3361,ssw
3362,zul
3363,ssw
3364,zul
3365,ven
3366,ssw
3367,ssw
3368,zul
3369,tso
3370,nbl
3371,ssw
3372,ssw
3373,ven
3374,zul
3375,tso
3376,tso
3377,xho
3378,eng
3379,afr
3380,zul
3381,xho
3382,nso
3383,nso
3384,xho
3385,nso
3386,ssw
3387,ssw
3388,afr
3389,tso
3390,sot
3391,zul
3392,zul
3393,nso
3394,ven
3395,xho
3396,ven
3397,sot
3398,ssw
3399,ssw
3400,tsn
3401,nbl
3402,ven
3403,zul
3404,xho
3405,zul
3406,ssw
3407,ssw
3408,ssw
3409,nso
3410,xho
3411,ssw
3412,eng
3413,eng
3414,afr
3415,ssw
3416,xho
3417,nbl
3418,ssw
3419,nso
3420,zul
3421,ssw
3422,ssw
3423,zul
3424,ssw
3425,tsn
3426,nso
3427,nso
3428,ssw
3429,ssw
3430,afr
3431,ssw
3432,ssw
3433,ssw
3434,ssw
3435,nso
3436,nbl
3437,xho
3438,afr
3439,xho
3440,tso
3441,ven
3442,ssw
3443,ven
3444,zul
3445,tso
3446,ssw
3447,nbl
3448,ssw
3449,sot
3450,ssw
3451,ssw
3452,xho
3453,afr
3454,xho
3455,sot
3456,ssw
3457,zul
3458,xho
3459,ssw
3460,ssw
3461,xho
3462,ssw
3463,eng
3464,sot
3465,zul
3466,ven
3467,afr
3468,tso
3469,ssw
3470,sot
3471,ssw
3472,ssw
3473,afr
3474,tso
3475,zul
3476,afr
3477,afr
3478,ssw
3479,afr
3480,nso
3481,nso
3482,nbl
3483,nso
3484,ssw
3485,sot
3486,xho
3487,ven
3488,ssw
3489,eng
3490,xho
3491,ssw
3492,ssw
3493,ssw
3494,ssw
3495,nso
3496,xho
3497,nso
3498,nso
3499,ssw
3500,afr
3501,xho
3502,zul
3503,zul
3504,xho
3505,zul
3506,ssw
3507,zul
3508,ven
3509,sot
3510,ven
3511,nso
3512,nbl
3513,nbl
3514,xho
3515,nso
3516,xho
3517,ven
3518,ssw
3519,ven
3520,tso
3521,afr
3522,ven
3523,sot
3524,nbl
3525,tso
3526,nso
3527,xho
3528,zul
3529,nso
3530,afr
3531,ven
3532,xho
3533,ssw
3534,ven
3535,ssw
3536,nso
3537,zul
3538,ssw
3539,ssw
3540,nso
3541,xho
3542,tsn
3543,ssw
3544,ssw
3545,tso
3546,ssw
3547,nso
3548,nso
3549,ssw
3550,eng
3551,eng
3552,zul
3553,zul
3554,ssw
3555,ssw
3556,xho
3557,nso
3558,ssw
3559,afr
3560,nso
3561,nso
3562,afr
3563,nbl
3564,nso
3565,nso
3566,nso
3567,afr
3568,tso
3569,sot
3570,ssw
3571,xho
3572,nso
3573,afr
3574,ssw
3575,nso
3576,nbl
3577,ven
3578,zul
3579,ven
3580,nso
3581,eng
3582,nso
3583,afr
3584,tso
3585,xho
3586,afr
3587,ssw
3588,xho
3589,nbl
3590,tso
3591,ssw
3592,ssw
3593,zul
3594,zul
3595,tso
3596,ssw
3597,tso
3598,nso
3599,afr
3600,ssw
3601,ssw
3602,ssw
3603,ssw
3604,tso
3605,tso
3606,afr
3607,sot
3608,ssw
3609,nso
3610,nso
3611,tso
3612,eng
3613,sot
3614,afr
3615,nbl
3616,ssw
3617,afr
3618,nbl
3619,ssw
3620,ssw
3621,eng
3622,ven
3623,nso
3624,nbl
3625,xho
3626,sot
3627,nso
3628,ssw
3629,sot
3630,nso
3631,ssw
3632,sot
3633,afr
3634,eng
3635,tso
3636,eng
3637,ssw
3638,ssw
3639,sot
3640,ssw
3641,sot
3642,tso
3643,ssw
3644,afr
3645,afr
3646,sot
3647,sot
3648,xho
3649,xho
3650,eng
3651,tso
3652,nso
3653,zul
3654,tsn
3655,ssw
3656,sot
3657,nso
3658,sot
3659,ssw
3660,zul
3661,zul
3662,sot
3663,zul
3664,ssw
3665,sot
3666,nso
3667,ssw
3668,xho
3669,ssw
3670,tso
3671,xho
3672,tso
3673,tsn
3674,nbl
3675,zul
3676,xho
3677,ssw
3678,zul
3679,xho
3680,ven
3681,nbl
3682,xho
3683,tsn
3684,zul
3685,eng
3686,sot
3687,tsn
3688,ven
3689,sot
3690,sot
3691,tso
3692,xho
3693,nso
3694,xho
3695,sot
3696,sot
3697,ssw
3698,ssw
3699,ssw
3700,ssw
3701,ven
3702,ssw
3703,tso
3704,nso
3705,ven
3706,tsn
3707,xho
3708,tso
3709,afr
3710,sot
3711,ssw
3712,tso
3713,eng
3714,ssw
3715,xho
3716,nbl
3717,afr
3718,ssw
3719,tsn
3720,ssw
3721,xho
3722,xho
3723,ssw
3724,ssw
3725,ssw
3726,ssw
3727,nso
3728,afr
3729,tsn
3730,sot
3731,ssw
3732,ven
3733,ssw
3734,ssw
3735,xho
3736,nso
3737,afr
3738,ssw
3739,ssw
3740,zul
3741,ssw
3742,sot
3743,eng
3744,ssw
3745,tsn
3746,zul
3747,zul
3748,tsn
3749,zul
3750,tso
3751,ven
3752,afr
3753,nso
3754,nso
3755,nbl
3756,tsn
3757,sot
3758,sot
3759,zul
3760,nso
3761,ssw
3762,nso
3763,ven
3764,nso
3765,nso
3766,ssw
3767,zul
3768,ssw
3769,eng
3770,nso
3771,ssw
3772,xho
3773,eng
3774,sot
3775,afr
3776,ssw
3777,xho
3778,ssw
3779,zul
3780,nso
3781,nbl
3782,sot
3783,sot
3784,nso
3785,ssw
3786,nbl
3787,zul
3788,xho
3789,zul
3790,ssw
3791,afr
3792,zul
3793,nso
3794,ssw
3795,afr
3796,nso
3797,nso
3798,ssw
3799,nbl
3800,ven
3801,xho
3802,zul
3803,zul
3804,ssw
3805,zul
3806,ssw
3807,sot
3808,ssw
3809,ssw
3810,tsn
3811,sot
3812,nso
3813,ssw
3814,nbl
3815,ssw
3816,nso
3817,ssw
3818,ssw
3819,zul
3820,nso
3821,tsn
3822,ven
3823,eng
3824,nso
3825,xho
3826,ssw
3827,sot
3828,afr
3829,ssw
3830,nso
3831,ssw
3832,ssw
3833,nbl
3834,nbl
3835,tsn
3836,tsn
3837,nbl
3838,nbl
3839,eng
3840,tsn
3841,nso
3842,zul
3843,tsn
3844,ven
3845,ssw
3846,ven
3847,ssw
3848,sot
3849,tsn
3850,nbl
3851,ssw
3852,nso
3853,ven
3854,ssw
3855,nso
3856,ssw
3857,nso
3858,afr
3859,sot
3860,tso
3861,ssw
3862,ssw
3863,xho
3864,xho
3865,ssw
3866,ssw
3867,afr
3868,nso
3869,ven
3870,zul
3871,ssw
3872,ssw
3873,ssw
3874,ssw
3875,afr
3876,eng
3877,zul
3878,ssw
3879,xho
3880,zul
3881,nso
3882,ssw
3883,sot
3884,zul
3885,sot
3886,ven
3887,ssw
3888,ssw
3889,sot
3890,afr
3891,ssw
3892,nso
3893,sot
3894,sot
3895,nso
3896,ssw
3897,xho
3898,tso
3899,eng
3900,ven
3901,afr
3902,nso
3903,eng
3904,tsn
3905,sot
3906,nso
3907,tsn
3908,xho
3909,ssw
3910,ssw
3911,zul
3912,xho
3913,tsn
3914,zul
3915,afr
3916,sot
3917,ssw
3918,nso
3919,zul
3920,tso
3921,ssw
3922,ssw
3923,ssw
3924,ven
3925,ssw
3926,ssw
3927,ssw
3928,nso
3929,ssw
3930,ssw
3931,ssw
3932,xho
3933,sot
3934,nso
3935,ssw
3936,xho
3937,nbl
3938,tso
3939,ssw
3940,zul
3941,ssw
3942,ven
3943,zul
3944,tso
3945,ssw
3946,nso
3947,sot
3948,xho
3949,xho
3950,sot
3951,nso
3952,tso
3953,sot
3954,zul
3955,xho
3956,nbl
3957,ssw
3958,afr
3959,eng
3960,ven
3961,tso
3962,xho
3963,ven
3964,nso
3965,sot
3966,xho
3967,sot
3968,xho
3969,xho
3970,nso
3971,ssw
3972,xho
3973,nso
3974,sot
3975,ssw
3976,tsn
3977,nso
3978,nso
3979,tsn
3980,nso
3981,zul
3982,ssw
3983,ssw
3984,nso
3985,sot
3986,ven
3987,xho
3988,ssw
3989,ssw
3990,eng
3991,zul
3992,xho
3993,afr
3994,ssw
3995,ven
3996,ven
3997,tsn
3998,ssw
3999,nso
4000,zul
4001,zul
4002,zul
4003,nbl
4004,tso
4005,zul
4006,nso
4007,tsn
4008,ssw
4009,ven
4010,nso
4011,xho
4012,zul
4013,ssw
4014,tsn
4015,tso
4016,nbl
4017,zul
4018,ssw
4019,nbl
4020,zul
4021,ssw
4022,afr
4023,nso
4024,tso
4025,ssw
4026,ssw
4027,ssw
4028,zul
4029,zul
4030,nbl
4031,zul
4032,xho
4033,ssw
4034,afr
4035,nso
4036,ssw
4037,afr
4038,sot
4039,ssw
4040,sot
4041,ssw
4042,nbl
4043,ssw
4044,xho
4045,ven
4046,ven
4047,ven
4048,sot
4049,nbl
4050,nbl
4051,zul
4052,afr
4053,nbl
4054,ven
4055,sot
4056,afr
4057,zul
4058,ven
4059,ssw
4060,afr
4061,ven
4062,ven
4063,xho
4064,ssw
4065,sot
4066,xho
4067,zul
4068,afr
4069,tso
4070,sot
4071,zul
4072,xho
4073,nso
4074,xho
4075,nso
4076,tsn
4077,ven
4078,xho
4079,afr
4080,sot
4081,xho
4082,afr
4083,sot
4084,nso
4085,tso
4086,afr
4087,tso
4088,sot
4089,zul
4090,tso
4091,zul
4092,zul
4093,tsn
4094,tsn
4095,ssw
4096,afr
4097,ssw
4098,tsn
4099,afr
4100,sot
4101,zul
4102,ssw
4103,xho
4104,tsn
4105,tsn
4106,xho
4107,ssw
4108,afr
4109,ssw
4110,zul
4111,xho
4112,afr
4113,sot
4114,xho
4115,ssw
4116,ssw
4117,nso
4118,ssw
4119,ven
4120,ven
4121,afr
4122,nso
4123,ssw
4124,ssw
4125,ssw
4126,zul
4127,tsn
4128,sot
4129,ssw
4130,nso
4131,zul
4132,afr
4133,nso
4134,nso
4135,tso
4136,afr
4137,zul
4138,zul
4139,ssw
4140,ssw
4141,xho
4142,ssw
4143,nso
4144,sot
4145,xho
4146,ssw
4147,nso
4148,ssw
4149,tsn
4150,afr
4151,nso
4152,zul
4153,sot
4154,sot
4155,afr
4156,afr
4157,afr
4158,nbl
4159,nbl
4160,afr
4161,xho
4162,ssw
4163,zul
4164,tso
4165,tso
4166,ven
4167,tso
4168,ssw
4169,nso
4170,tsn
4171,tsn
4172,eng
4173,xho
4174,nbl
4175,xho
4176,ven
4177,sot
4178,tso
4179,tsn
4180,sot
4181,ven
4182,xho
4183,tso
4184,ssw
4185,zul
4186,sot
4187,ssw
4188,tsn
4189,afr
4190,nbl
4191,nso
4192,xho
4193,xho
4194,afr
4195,tsn
4196,xho
4197,eng
4198,afr
4199,nbl
4200,xho
4201,nso
4202,nso
4203,nso
4204,ssw
4205,ssw
4206,ssw
4207,nso
4208,nbl
4209,ssw
4210,ven
4211,tsn
4212,ssw
4213,ssw
4214,xho
4215,ven
4216,zul
4217,tso
4218,ven
4219,ssw
4220,ssw
4221,nso
4222,nbl
4223,nso
4224,xho
4225,afr
4226,ssw
4227,zul
4228,zul
4229,ven
4230,xho
4231,ssw
4232,ssw
4233,tso
4234,tsn
4235,zul
4236,afr
4237,sot
4238,ssw
4239,nso
4240,afr
4241,nso
4242,zul
4243,sot
4244,tso
4245,ssw
4246,ven
4247,ssw
4248,eng
4249,afr
4250,tsn
4251,nso
4252,tso
4253,ssw
4254,xho
4255,ven
4256,tsn
4257,nbl
4258,sot
4259,xho
4260,zul
4261,ssw
4262,ven
4263,nso
4264,nbl
4265,nso
4266,nso
4267,zul
4268,ssw
4269,zul
4270,xho
4271,afr
4272,ssw
4273,ssw
4274,sot
4275,zul
4276,ssw
4277,ssw
4278,xho
4279,tsn
4280,ssw
4281,ven
4282,sot
4283,ssw
4284,zul
4285,ssw
4286,ssw
4287,ssw
4288,xho
4289,xho
4290,ssw
4291,ven
4292,nbl
4293,ssw
4294,zul
4295,xho
4296,tso
4297,tsn
4298,tsn
4299,tso
4300,ssw
4301,sot
4302,nso
4303,ssw
4304,nso
4305,nso
4306,afr
4307,afr
4308,afr
4309,xho
4310,tso
4311,sot
4312,sot
4313,ssw
4314,nbl
4315,afr
4316,zul
4317,zul
4318,ssw
4319,nso
4320,eng
4321,ven
4322,ssw
4323,zul
4324,eng
4325,zul
4326,nso
4327,xho
4328,sot
4329,ven
4330,nso
4331,ssw
4332,ven
4333,nso
4334,xho
4335,nso
4336,eng
4337,sot
4338,ven
4339,ven
4340,ssw
4341,ssw
4342,zul
4343,ssw
4344,ssw
4345,tso
4346,ssw
4347,sot
4348,xho
4349,nso
4350,afr
4351,zul
4352,zul
4353,ssw
4354,tso
4355,zul
4356,nso
4357,ssw
4358,ven
4359,zul
4360,afr
4361,nso
4362,sot
4363,afr
4364,ssw
4365,sot
4366,afr
4367,ssw
4368,nso
4369,nbl
4370,nso
4371,xho
4372,afr
4373,sot
4374,eng
4375,nso
4376,zul
4377,ven
4378,nso
4379,tsn
4380,ssw
4381,ssw
4382,ven
4383,nbl
4384,ven
4385,zul
4386,ssw
4387,tsn
4388,nso
4389,ssw
4390,afr
4391,nbl
4392,nso
4393,nbl
4394,ssw
4395,ssw
4396,xho
4397,afr
4398,eng
4399,tso
4400,afr
4401,nso
4402,afr
4403,nso
4404,ven
4405,afr
4406,ssw
4407,ssw
4408,ssw
4409,ven
4410,ssw
4411,afr
4412,tso
4413,ven
4414,ven
4415,zul
4416,nso
4417,afr
4418,ssw
4419,sot
4420,ssw
4421,ssw
4422,ssw
4423,sot
4424,zul
4425,tsn
4426,eng
4427,ven
4428,nso
4429,ven
4430,sot
4431,ssw
4432,sot
4433,afr
4434,tso
4435,afr
4436,ssw
4437,nso
4438,ven
4439,ssw
4440,nbl
4441,zul
4442,eng
4443,ven
4444,zul
4445,nso
4446,nso
4447,nbl
4448,ven
4449,sot
4450,ssw
4451,tso
4452,nbl
4453,xho
4454,tso
4455,zul
4456,afr
4457,xho
4458,nbl
4459,tsn
4460,ssw
4461,nso
4462,afr
4463,afr
4464,tso
4465,ssw
4466,tso
4467,ssw
4468,ven
4469,tso
4470,ven
4471,xho
4472,afr
4473,tso
4474,nso
4475,afr
4476,ssw
4477,ssw
4478,nso
4479,ven
4480,xho
4481,ssw
4482,nso
4483,nso
4484,tsn
4485,ssw
4486,ssw
4487,tsn
4488,ssw
4489,sot
4490,ssw
4491,nso
4492,tso
4493,ven
4494,ssw
4495,afr
4496,ven
4497,ven
4498,afr
4499,ssw
4500,nso
4501,ssw
4502,xho
4503,nso
4504,tsn
4505,sot
4506,ven
4507,xho
4508,ssw
4509,ven
4510,ssw
4511,nbl
4512,ssw
4513,xho
4514,tso
4515,xho
4516,ssw
4517,xho
4518,sot
4519,ven
4520,tsn
4521,tsn
4522,nso
4523,ven
4524,ven
4525,zul
4526,nso
4527,ssw
4528,zul
4529,ven
4530,xho
4531,zul
4532,xho
4533,ssw
4534,tsn
4535,afr
4536,sot
4537,nso
4538,nbl
4539,zul
4540,eng
4541,ssw
4542,afr
4543,afr
4544,ssw
4545,tso
4546,nso
4547,sot
4548,ven
4549,eng
4550,ssw
4551,zul
4552,ssw
4553,ssw
4554,ssw
4555,xho
4556,xho
4557,tso
4558,tso
4559,ven
4560,zul
4561,tsn
4562,nso
4563,eng
4564,sot
4565,tsn
4566,sot
4567,sot
4568,ven
4569,ssw
4570,sot
4571,tsn
4572,ssw
4573,afr
4574,ssw
4575,ssw
4576,zul
4577,ssw
4578,ssw
4579,zul
4580,zul
4581,tso
4582,tso
4583,sot
4584,nso
4585,ssw
4586,tsn
4587,ssw
4588,sot
4589,ssw
4590,nso
4591,sot
4592,zul
4593,tso
4594,ven
4595,ssw
4596,tsn
4597,ven
4598,eng
4599,zul
4600,afr
4601,nso
4602,ven
4603,sot
4604,ssw
4605,ssw
4606,tso
4607,ssw
4608,afr
4609,xho
4610,nso
4611,afr
4612,ssw
4613,tso
4614,afr
4615,ssw
4616,xho
4617,eng
4618,zul
4619,tsn
4620,zul
4621,ssw
4622,zul
4623,ssw
4624,ssw
4625,ssw
4626,ssw
4627,ven
4628,ssw
4629,tso
4630,zul
4631,tsn
4632,zul
4633,eng
4634,ven
4635,tsn
4636,xho
4637,xho
4638,eng
4639,ssw
4640,xho
4641,zul
4642,nso
4643,tso
4644,tso
4645,nso
4646,nso
4647,nso
4648,ssw
4649,ven
4650,ssw
4651,zul
4652,sot
4653,ven
4654,ssw
4655,nso
4656,zul
4657,ssw
4658,ssw
4659,tso
4660,xho
4661,zul
4662,xho
4663,nso
4664,xho
4665,afr
4666,eng
4667,zul
4668,zul
4669,afr
4670,xho
4671,xho
4672,nso
4673,ssw
4674,zul
4675,xho
4676,xho
4677,xho
4678,zul
4679,ssw
4680,ssw
4681,xho
4682,ssw
4683,ssw
4684,ssw
4685,xho
4686,afr
4687,sot
4688,ssw
4689,ssw
4690,tso
4691,xho
4692,nbl
4693,nso
4694,ssw
4695,ven
4696,sot
4697,sot
4698,ssw
4699,ssw
4700,ssw
4701,afr
4702,ssw
4703,tsn
4704,zul
4705,tso
4706,xho
4707,zul
4708,sot
4709,ssw
4710,nbl
4711,afr
4712,ssw
4713,nso
4714,afr
4715,afr
4716,zul
4717,ssw
4718,ssw
4719,xho
4720,ssw
4721,afr
4722,nso
4723,ssw
4724,ssw
4725,sot
4726,ssw
4727,zul
4728,ssw
4729,tsn
4730,zul
4731,nso
4732,xho
4733,nso
4734,eng
4735,xho
4736,xho
4737,tso
4738,tsn
4739,ssw
4740,tso
4741,nso
4742,ssw
4743,sot
4744,xho
4745,ssw
4746,zul
4747,xho
4748,nso
4749,ssw
4750,xho
4751,afr
4752,zul
4753,sot
4754,ssw
4755,nso
4756,ssw
4757,nso
4758,tsn
4759,ssw
4760,sot
4761,ssw
4762,tsn
4763,zul
4764,tsn
4765,tsn
4766,nso
4767,sot
4768,ssw
4769,sot
4770,ven
4771,eng
4772,xho
4773,sot
4774,ssw
4775,eng
4776,nso
4777,nso
4778,sot
4779,zul
4780,nbl
4781,nso
4782,ven
4783,zul
4784,afr
4785,afr
4786,tso
4787,xho
4788,ven
4789,zul
4790,ssw
4791,zul
4792,afr
4793,nbl
4794,ssw
4795,nso
4796,ssw
4797,ven
4798,tso
4799,nso
4800,afr
4801,nbl
4802,nso
4803,ssw
4804,eng
4805,zul
4806,eng
4807,ven
4808,nso
4809,eng
4810,afr
4811,ssw
4812,xho
4813,xho
4814,nbl
4815,nso
4816,tso
4817,ven
4818,tso
4819,zul
4820,xho
4821,nbl
4822,nso
4823,ssw
4824,sot
4825,sot
4826,afr
4827,ssw
4828,ssw
4829,nso
4830,ssw
4831,sot
4832,ssw
4833,ssw
4834,ssw
4835,sot
4836,zul
4837,tsn
4838,sot
4839,nbl
4840,xho
4841,ssw
4842,zul
4843,zul
4844,xho
4845,xho
4846,ssw
4847,tso
4848,afr
4849,tso
4850,xho
4851,afr
4852,ssw
4853,tsn
4854,nbl
4855,nso
4856,xho
4857,nso
4858,nbl
4859,ven
4860,zul
4861,afr
4862,afr
4863,ssw
4864,nso
4865,sot
4866,xho
4867,zul
4868,ssw
4869,xho
4870,ssw
4871,ssw
4872,sot
4873,ven
4874,xho
4875,ssw
4876,zul
4877,zul
4878,zul
4879,ssw
4880,tsn
4881,xho
4882,afr
4883,ssw
4884,nbl
4885,sot
4886,tso
4887,ssw
4888,nso
4889,ssw
4890,ssw
4891,zul
4892,eng
4893,zul
4894,ssw
4895,zul
4896,afr
4897,nbl
4898,zul
4899,nso
4900,tso
4901,eng
4902,ssw
4903,ssw
4904,afr
4905,zul
4906,ssw
4907,ssw
4908,sot
4909,nso
4910,zul
4911,sot
4912,sot
4913,zul
4914,nso
4915,nso
4916,ssw
4917,ssw
4918,nso
4919,ssw
4920,nso
4921,ssw
4922,nbl
4923,tso
4924,tso
4925,afr
4926,ssw
4927,ven
4928,ssw
4929,zul
4930,ssw
4931,ssw
4932,zul
4933,ven
4934,ssw
4935,ven
4936,eng
4937,ssw
4938,zul
4939,ssw
4940,nso
4941,ven
4942,nso
4943,ssw
4944,eng
4945,xho
4946,tso
4947,zul
4948,tso
4949,afr
4950,xho
4951,eng
4952,afr
4953,nso
4954,ssw
4955,zul
4956,tso
4957,nso
4958,ssw
4959,ssw
4960,eng
4961,nso
4962,ssw
4963,nso
4964,ssw
4965,sot
4966,tsn
4967,nbl
4968,nbl
4969,sot
4970,nso
4971,nso
4972,nso
4973,ssw
4974,eng
4975,afr
4976,tso
4977,tso
4978,zul
4979,tsn
4980,ssw
4981,eng
4982,ssw
4983,tso
4984,ssw
4985,ssw
4986,nso
4987,ssw
4988,ssw
4989,ven
4990,afr
4991,nso
4992,ssw
4993,xho
4994,ssw
4995,ssw
4996,ssw
4997,zul
4998,nso
4999,afr
5000,eng
5001,sot
5002,ven
5003,ssw
5004,sot
5005,ssw
5006,sot
5007,ssw
5008,afr
5009,ssw
5010,zul
5011,xho
5012,sot
5013,ssw
5014,nso
5015,tso
5016,sot
5017,zul
5018,ssw
5019,xho
5020,nso
5021,xho
5022,zul
5023,tso
5024,zul
5025,zul
5026,zul
5027,nso
5028,eng
5029,ssw
5030,sot
5031,ven
5032,sot
5033,afr
5034,afr
5035,nbl
5036,xho
5037,ssw
5038,eng
5039,ssw
5040,tso
5041,ssw
5042,ssw
5043,sot
5044,zul
5045,nso
5046,ssw
5047,ssw
5048,zul
5049,eng
5050,sot
5051,nbl
5052,sot
5053,sot
5054,tso
5055,ssw
5056,ssw
5057,afr
5058,xho
5059,zul
5060,zul
5061,sot
5062,zul
5063,tsn
5064,nbl
5065,nbl
5066,ven
5067,sot
5068,ssw
5069,tsn
5070,nso
5071,afr
5072,ssw
5073,ven
5074,ssw
5075,nso
5076,afr
5077,eng
5078,afr
5079,ven
5080,ssw
5081,zul
5082,ssw
5083,ssw
5084,ven
5085,tso
5086,ssw
5087,sot
5088,xho
5089,ssw
5090,ssw
5091,xho
5092,afr
5093,ssw
5094,sot
5095,afr
5096,eng
5097,zul
5098,ssw
5099,afr
5100,nso
5101,afr
5102,ssw
5103,ssw
5104,tsn
5105,ssw
5106,sot
5107,sot
5108,ssw
5109,nso
5110,ssw
5111,nbl
5112,nso
5113,sot
5114,afr
5115,nbl
5116,sot
5117,xho
5118,nso
5119,afr
5120,sot
5121,zul
5122,ssw
5123,sot
5124,ssw
5125,afr
5126,afr
5127,zul
5128,ssw
5129,ven
5130,xho
5131,ssw
5132,sot
5133,ssw
5134,tso
5135,nbl
5136,zul
5137,ssw
5138,zul
5139,xho
5140,tso
5141,ssw
5142,ssw
5143,eng
5144,tsn
5145,tso
5146,afr
5147,nso
5148,ven
5149,xho
5150,ssw
5151,afr
5152,ssw
5153,nso
5154,tso
5155,nbl
5156,sot
5157,sot
5158,ssw
5159,eng
5160,ssw
5161,nso
5162,ssw
5163,sot
5164,ven
5165,ssw
5166,nso
5167,tso
5168,ssw
5169,ssw
5170,ssw
5171,nso
5172,ssw
5173,ssw
5174,zul
5175,zul
5176,tso
5177,sot
5178,ssw
5179,sot
5180,zul
5181,tso
5182,zul
5183,afr
5184,sot
5185,sot
5186,ssw
5187,sot
5188,nso
5189,zul
5190,zul
5191,zul
5192,ssw
5193,ssw
5194,xho
5195,ssw
5196,ven
5197,ssw
5198,ssw
5199,sot
5200,ssw
5201,nbl
5202,nso
5203,ssw
5204,afr
5205,afr
5206,afr
5207,ssw
5208,nbl
5209,tso
5210,ven
5211,ssw
5212,tso
5213,ssw
5214,sot
5215,nso
5216,ssw
5217,afr
5218,ssw
5219,ven
5220,zul
5221,xho
5222,tsn
5223,ssw
5224,tso
5225,ssw
5226,afr
5227,nso
5228,nso
5229,ssw
5230,afr
5231,tso
5232,sot
5233,sot
5234,tso
5235,nso
5236,ssw
5237,ssw
5238,ven
5239,nso
5240,nbl
5241,nbl
5242,ven
5243,zul
5244,tso
5245,ssw
5246,nso
5247,xho
5248,nso
5249,xho
5250,ssw
5251,ssw
5252,ssw
5253,ssw
5254,tsn
5255,ssw
5256,nbl
5257,sot
5258,ssw
5259,zul
5260,nso
5261,afr
5262,ssw
5263,tsn
5264,tso
5265,nso
5266,tsn
5267,zul
5268,ssw
5269,tsn
5270,zul
5271,sot
5272,eng
5273,ssw
5274,nso
5275,zul
5276,ssw
5277,afr
5278,ven
5279,sot
5280,ssw
5281,ssw
5282,ssw
5283,ssw
5284,nso
5285,nso
5286,sot
5287,tsn
5288,zul
5289,tso
5290,nso
5291,xho
5292,sot
5293,ssw
5294,ven
5295,xho
5296,zul
5297,tso
5298,nso
5299,afr
5300,ssw
5301,ssw
5302,ssw
5303,ssw
5304,nbl
5305,xho
5306,ssw
5307,afr
5308,nso
5309,nso
5310,sot
5311,zul
5312,tso
5313,xho
5314,nbl
5315,zul
5316,afr
5317,xho
5318,sot
5319,sot
5320,zul
5321,xho
5322,eng
5323,eng
5324,ssw
5325,ven
5326,zul
5327,afr
5328,tsn
5329,ven
5330,xho
5331,nbl
5332,ssw
5333,xho
5334,ssw
5335,sot
5336,nso
5337,afr
5338,ven
5339,ssw
5340,ssw
5341,ssw
5342,xho
5343,zul
5344,sot
5345,ssw
5346,ssw
5347,ssw
5348,xho
5349,ven
5350,ssw
5351,ssw
5352,sot
5353,sot
5354,ssw
5355,nso
5356,xho
5357,ssw
5358,zul
5359,afr
5360,ssw
5361,nso
5362,xho
5363,ssw
5364,nso
5365,nbl
5366,sot
5367,zul
5368,ven
5369,nso
5370,afr
5371,ven
5372,afr
5373,tso
5374,ven
5375,zul
5376,nso
5377,ssw
5378,tso
5379,eng
5380,zul
5381,zul
5382,ssw
5383,eng
5384,ven
5385,ssw
5386,zul
5387,ssw
5388,ssw
5389,ssw
5390,ven
5391,tso
5392,sot
5393,sot
5394,tsn
5395,sot
5396,zul
5397,zul
5398,ssw
5399,zul
5400,sot
5401,ssw
5402,sot
5403,nso
5404,tsn
5405,zul
5406,zul
5407,ssw
5408,zul
5409,ssw
5410,xho
5411,sot
5412,eng
5413,ven
5414,ssw
5415,ven
5416,ven
5417,ssw
5418,ssw
5419,afr
5420,ssw
5421,tsn
5422,sot
5423,ssw
5424,ssw
5425,sot
5426,afr
5427,nso
5428,tso
5429,tsn
5430,nso
5431,tso
5432,ssw
5433,ssw
5434,zul
5435,afr
5436,ssw
5437,eng
5438,xho
5439,zul
5440,zul
5441,sot
5442,ven
5443,ssw
5444,ssw
5445,sot
5446,ssw
5447,afr
5448,sot
5449,ssw
5450,tso
5451,ssw
5452,tso
5453,zul
5454,nso
5455,tsn
5456,afr
5457,zul
5458,ven
5459,tsn
5460,tsn
5461,zul
5462,ven
5463,nso
5464,xho
5465,tso
5466,ssw
5467,nso
5468,xho
5469,ven
5470,sot
5471,zul
5472,ven
5473,tsn
5474,nso
5475,ssw
5476,zul
5477,xho
5478,ssw
5479,tso
5480,nso
5481,nso
5482,xho
5483,sot
5484,afr
5485,eng
5486,ssw
5487,ssw
5488,tso
5489,ssw
5490,ssw
5491,nbl
5492,sot
5493,tsn
5494,ven
5495,nso
5496,ven
5497,ssw
5498,ven
5499,tso
5500,tsn
5501,sot
5502,sot
5503,tsn
5504,eng
5505,nbl
5506,zul
5507,tsn
5508,nso
5509,afr
5510,sot
5511,zul
5512,eng
5513,nso
5514,zul
5515,zul
5516,ssw
5517,nso
5518,ssw
5519,nbl
5520,ven
5521,ssw
5522,zul
5523,xho
5524,ssw
5525,ssw
5526,zul
5527,nso
5528,zul
5529,sot
5530,xho
5531,sot
5532,nso
5533,ssw
5534,nbl
5535,ssw
5536,ssw
5537,zul
5538,sot
5539,tso
5540,nbl
5541,ven
5542,afr
5543,xho
5544,tsn
5545,ssw
5546,ven
5547,sot
5548,ssw
5549,xho
5550,afr
5551,nso
5552,nso
5553,ssw
5554,ssw
5555,ven
5556,xho
5557,tsn
5558,sot
5559,nbl
5560,sot
5561,zul
5562,ssw
5563,nso
5564,zul
5565,afr
5566,nso
5567,nso
5568,tso
5569,xho
5570,ven
5571,tso
5572,ven
5573,ven
5574,sot
5575,ssw
5576,ssw
5577,tso
5578,eng
5579,ven
5580,sot
5581,tsn
5582,ssw
5583,zul
5584,ssw
5585,zul
5586,sot
5587,xho
5588,ssw
5589,ssw
5590,tso
5591,tsn
5592,zul
5593,zul
5594,zul
5595,ssw
5596,afr
5597,ssw
5598,nbl
5599,nso
5600,xho
5601,nbl
5602,nso
5603,tso
5604,sot
5605,ven
5606,ssw
5607,ssw
5608,sot
5609,xho
5610,nso
5611,afr
5612,tsn
5613,afr
5614,nso
5615,zul
5616,ssw
5617,ven
5618,tso
5619,ven
5620,afr
5621,ssw
5622,ssw
5623,ssw
5624,ssw
5625,zul
5626,xho
5627,ssw
5628,tsn
5629,afr
5630,ssw
5631,sot
5632,ssw
5633,nso
5634,ssw
5635,tso
5636,zul
5637,ssw
5638,ssw
5639,ssw
5640,ssw
5641,tsn
5642,nso
5643,xho
5644,tso
5645,ssw
5646,tso
5647,tsn
5648,ssw
5649,nso
5650,ssw
5651,tsn
5652,ssw
5653,ssw
5654,sot
5655,nso
5656,nso
5657,zul
5658,nso
5659,ssw
5660,zul
5661,ssw
5662,nbl
5663,ssw
5664,afr
5665,ven
5666,afr
5667,ssw
5668,xho
5669,nbl
5670,nbl
5671,eng
5672,sot
5673,afr
5674,ven
5675,nso
5676,ven
5677,nso
5678,zul
5679,nso
5680,sot
5681,sot
5682,ssw
